"YEAR","DNA_Conc_Ben_avg"
2000,0.4844271
2001,0.5428083
2002,0.5651776
2003,0.4378957
2004,0.7310512
2005,1.283824
2006,1.219825
2007,1.463386
2008,1.184985
2010,1.183822
2011,1.120605
2012,1.092156
