Year,AvgBA,AvgFldpct
2010,0.25650786516853935,0.9814022471910112
2012,0.2529134199134199,0.9824199134199134
2014,0.2501028037383178,0.9829859813084112
2015,0.2541707317073171,0.9834745011086474
2016,0.2531333333333333,0.9830758620689655
2017,0.2545609195402299,0.982383908045977
2018,0.24665777777777778,0.9832244444444445
2019,0.2515090909090909,0.9823045454545455
2020,0.25304444444444446,0.9818944444444444
2011,0.2533783783783784,0.9816283783783784
2013,0.25200231481481483,0.9829722222222222
